Disease,Variable,N,Non_missing,Completeness_%
Rabies,area_name/region,159,159,100.0
Rabies,area_name/zone_somali,159,43,27.0
Rabies,area_name/zone_oromia,159,29,18.2
Rabies,area_name/zone_gambella,159,33,20.8
Rabies,area_name/zone_benshangul,159,33,20.8
Rabies,area_name/zone_snnp,159,21,13.2
Rabies,area_name/woreda_somali_Afder,159,0,0.0
Rabies,area_name/woreda_somali_Liben,159,2,1.3
Rabies,area_name/woreda_somali_Shebele,159,4,2.5
Rabies,area_name/woreda_somali_Siti,159,8,5.0
Rabies,area_name/woreda_somali_Dollo,159,2,1.3
Rabies,area_name/woreda_somali_Dawa,159,27,17.0
Rabies,area_name/woreda_oromia_Borena,159,29,18.2
Rabies,area_name/woreda_oromia_Kellem,159,0,0.0
Rabies,area_name/woreda_gambella_Agnua,159,6,3.8
Rabies,area_name/woreda_gambella_Nuer,159,3,1.9
Rabies,area_name/woreda_gambella_Majang,159,24,15.1
Rabies,area_name/woreda_benshangul_Assosa,159,23,14.5
Rabies,area_name/woreda_benshangul_Metekel,159,9,5.7
Rabies,area_name/woreda_benshangul_Kamashi,159,1,0.6
Rabies,area_name/woreda_snnp_Bench_Maji,159,15,9.4
Rabies,area_name/woreda_snnp_South_omo,159,6,3.8
Rabies,area_name/kebele,159,159,100.0
Rabies,area_name/village,159,159,100.0
Rabies,area_name/gps,159,159,100.0
Rabies,area_name/_gps_latitude,159,159,100.0
Rabies,area_name/_gps_longitude,159,159,100.0
Rabies,area_name/_gps_altitude,159,159,100.0
Rabies,area_name/_gps_precision,159,159,100.0
Rabies,area_name/type_of_suspect_case,159,159,100.0
Rabies,type_of_suspect_case_human/indicate_the_illness_of_this_surveillance_report,159,0,0.0
Rabies,type_of_suspect_case_human/indicate_the_illness_of_this_surveillance_report_other,159,0,0.0
Rabies,type_of_suspect_case_human/name_of_suspect_case,159,0,0.0
Rabies,type_of_suspect_case_human/sex_of_the_suspect,159,0,0.0
Rabies,type_of_suspect_case_human/age_of_suspect,159,0,0.0
Rabies,type_of_suspect_case_human/image,159,0,0.0
Rabies,type_of_suspect_case_human/afp_case/date_first_appearance_at_health_facility,159,0,0.0
Rabies,type_of_suspect_case_human/afp_case/date_of_onset_of_illness,159,0,0.0
Rabies,type_of_suspect_case_human/afp_case/date_notified_to_supervisor_or_woreda_health_office,159,0,0.0
Rabies,type_of_suspect_case_human/afp_case/date_of_investigation,159,0,0.0
Rabies,type_of_suspect_case_human/afp_case/dates_of_first_stool_specimen_collection,159,0,0.0
Rabies,type_of_suspect_case_human/afp_case/dates_of_second_stool_specimen_collection,159,0,0.0
Rabies,type_of_suspect_case_human/afp_case/date_sample_sent_to_national_laboratory,159,0,0.0
Rabies,type_of_suspect_case_human/afp_case/polio_immunization_status_of_the_case,159,0,0.0
Rabies,type_of_suspect_case_human/afp_case/how_many_doses,159,0,0.0
Rabies,type_of_suspect_case_human/measles_case/date_first_appearance_at_health_facility,159,0,0.0
Rabies,type_of_suspect_case_human/measles_case/date_of_onset_of_illness,159,0,0.0
Rabies,type_of_suspect_case_human/measles_case/date_notified_to_supervisor_or_woreda_health_office,159,0,0.0
Rabies,type_of_suspect_case_human/measles_case/date_of_investigation,159,0,0.0
Rabies,type_of_suspect_case_human/measles_case/date_sample_taken,159,0,0.0
Rabies,type_of_suspect_case_human/measles_case/date_sample_sent_to_the_national_laboratory,159,0,0.0
Rabies,type_of_suspect_case_human/measles_case/measles_immunization_status_of_the_case,159,0,0.0
Rabies,type_of_suspect_case_human/measles_case/if_it_is_epidemic_of_measeles_total_number_of_cases,159,0,0.0
Rabies,type_of_suspect_case_human/neo_natal_tetanus/was_the_suspect_case_alive,159,0,0.0
Rabies,type_of_suspect_case_human/neo_natal_tetanus/date_first_appearance_at_health_facility,159,0,0.0
Rabies,type_of_suspect_case_human/neo_natal_tetanus/date_of_onset_of_illness,159,0,0.0
Rabies,type_of_suspect_case_human/neo_natal_tetanus/date_notified_to_supervisor_or_woreda_health_office,159,0,0.0
Rabies,type_of_suspect_case_human/neo_natal_tetanus/date_of_investigation,159,0,0.0
Rabies,type_of_suspect_case_human/anthrax/was_the_suspect_case_alive,159,0,0.0
Rabies,type_of_suspect_case_human/anthrax/date_first_appearance_at_health_facility,159,0,0.0
Rabies,type_of_suspect_case_human/anthrax/date_of_onset_of_illness,159,0,0.0
Rabies,type_of_suspect_case_human/anthrax/date_notified_to_supervisor_or_woreda_health_office,159,0,0.0
Rabies,type_of_suspect_case_human/anthrax/date_of_investigation,159,0,0.0
Rabies,type_of_suspect_case_human/anthrax/date_sample_taken,159,0,0.0
Rabies,type_of_suspect_case_human/anthrax/date_sample_sent_to_the_national_laboratory,159,0,0.0
Rabies,type_of_suspect_case_human/anthrax/anthrax_immunization_status_of_the_case,159,0,0.0
Rabies,type_of_suspect_case_human/anthrax/how_many_doses,159,0,0.0
Rabies,type_of_suspect_case_human/anthrax/if_it_is_epidemic_of_anthrax_total_number_of_cases,159,0,0.0
Rabies,type_of_suspect_case_human/rabies/was_the_suspect_case_alive,159,0,0.0
Rabies,type_of_suspect_case_human/rabies/date_first_appearance_at_health_facility,159,0,0.0
Rabies,type_of_suspect_case_human/rabies/date_of_onset_of_illness,159,0,0.0
Rabies,type_of_suspect_case_human/rabies/date_notified_to_supervisor_or_woreda_health_office,159,0,0.0
Rabies,type_of_suspect_case_human/rabies/date_of_investigation,159,0,0.0
Rabies,type_of_suspect_case_human/rabies/date_sample_taken,159,0,0.0
Rabies,type_of_suspect_case_human/rabies/date_sample_sent_to_the_national_laboratory,159,0,0.0
Rabies,type_of_suspect_case_human/rabies/rabies_immunization_status_of_the_case,159,0,0.0
Rabies,type_of_suspect_case_human/rabies/how_many_doses,159,0,0.0
Rabies,type_of_suspect_case_human/rabies/if_it_is_epidemic_of_rabies_total_number_of_cases,159,0,0.0
Rabies,type_of_suspect_case_human/brucellosis/was_the_suspect_case_alive,159,0,0.0
Rabies,type_of_suspect_case_human/brucellosis/date_first_appearance_at_health_facility,159,0,0.0
Rabies,type_of_suspect_case_human/brucellosis/date_of_onset_of_illness,159,0,0.0
Rabies,type_of_suspect_case_human/brucellosis/date_notified_to_supervisor_or_woreda_health_office,159,0,0.0
Rabies,type_of_suspect_case_human/brucellosis/date_of_investigation,159,0,0.0
Rabies,type_of_suspect_case_human/brucellosis/date_sample_taken,159,0,0.0
Rabies,type_of_suspect_case_human/brucellosis/date_sample_sent_to_the_national_laboratory,159,0,0.0
Rabies,type_of_suspect_case_human/brucellosis/brucellosis_immunization_status_of_the_case,159,0,0.0
Rabies,type_of_suspect_case_human/brucellosis/how_many_doses,159,0,0.0
Rabies,type_of_suspect_case_animal/indicate_the_illness_of_this_surveillance_report_animal,159,159,100.0
Rabies,type_of_suspect_case_animal/indicate_the_illness_of_this_surveillance_report_animal_signal,159,0,0.0
Rabies,type_of_suspect_case_animal/type_of_sick_or_died_animal,159,159,100.0
Rabies,type_of_suspect_case_animal/type_of_sick_or_died_animal_other,159,1,0.6
Rabies,type_of_suspect_case_animal/dose_the_animal_has_owner,159,159,100.0
Rabies,type_of_suspect_case_animal/full_name_of_owner_of_the_animal,159,112,70.4
Rabies,type_of_suspect_case_animal/treatment_immunization_status_of_the_case,159,159,100.0
Rabies,type_of_suspect_case_animal/if_it_is_epidemic_total_number_of_deaths,159,83,52.2
Rabies,type_of_suspect_case_animal/image,159,80,50.3
Rabies,status_of_the_case/means_of_identification_of_the_case,159,159,100.0
Rabies,status_of_the_case/means_of_identification_of_the_case_other,159,8,5.0
Rabies,status_of_the_case/means_of_notification,159,159,100.0
Rabies,status_of_the_case/means_of_notification_other,159,0,0.0
Rabies,status_of_the_case/the_case_identified_by_community_volunter_health_development_army,159,159,100.0
Rabies,status_of_the_case/name_of_the_reported_CV_or_HDA,159,117,73.6
Rabies,status_of_the_case/sex_of_the_reported_CV_or_HDA,159,117,73.6
Rabies,status_of_the_case/who_identified_the_case,159,42,26.4
Rabies,status_of_the_case/who_identified_the_case_other,159,3,1.9
Rabies,status_of_the_case/date_reported_by_CV_or_HDA,159,117,73.6
Rabies,status_of_the_case/name_of_health_facility_case_registered_at,159,152,95.6
Rabies,address_of_contact_person/reported_by,159,159,100.0
Rabies,address_of_contact_person/position,159,159,100.0
Rabies,address_of_contact_person/date_of_the_report,159,159,100.0
Rabies,address_of_contact_person/telephone_number_of_contact,159,159,100.0
Rabies,address_of_contact_person/email_address_of_contact,159,159,100.0
Rabies,address_of_contact_person/name_of_implementing_partner,159,159,100.0
Rabies,meta/instanceID,159,159,100.0
Rabies,_id,159,159,100.0
Rabies,_uuid,159,159,100.0
Rabies,_submission_time,159,159,100.0
Rabies,_date_modified,159,109,68.6
Rabies,_tags,159,0,0.0
Rabies,_notes,159,0,0.0
Rabies,_version,159,159,100.0
Rabies,_duration,159,0,0.0
Rabies,_submitted_by,159,159,100.0
Rabies,_total_media,159,159,100.0
Rabies,_media_count,159,159,100.0
Rabies,_media_all_received,159,159,100.0
Rabies,_xform_id,159,159,100.0
Rabies,Disease,159,159,100.0
Anthrax,area_name/region,117,117,100.0
Anthrax,area_name/zone_somali,117,66,56.4
Anthrax,area_name/zone_oromia,117,5,4.3
Anthrax,area_name/zone_gambella,117,18,15.4
Anthrax,area_name/zone_benshangul,117,8,6.8
Anthrax,area_name/zone_snnp,117,20,17.1
Anthrax,area_name/woreda_somali_Afder,117,4,3.4
Anthrax,area_name/woreda_somali_Liben,117,6,5.1
Anthrax,area_name/woreda_somali_Shebele,117,7,6.0
Anthrax,area_name/woreda_somali_Siti,117,30,25.6
Anthrax,area_name/woreda_somali_Dollo,117,15,12.8
Anthrax,area_name/woreda_somali_Dawa,117,4,3.4
Anthrax,area_name/woreda_oromia_Borena,117,5,4.3
Anthrax,area_name/woreda_oromia_Kellem,117,0,0.0
Anthrax,area_name/woreda_gambella_Agnua,117,1,0.9
Anthrax,area_name/woreda_gambella_Nuer,117,9,7.7
Anthrax,area_name/woreda_gambella_Majang,117,8,6.8
Anthrax,area_name/woreda_benshangul_Assosa,117,6,5.1
Anthrax,area_name/woreda_benshangul_Metekel,117,2,1.7
Anthrax,area_name/woreda_benshangul_Kamashi,117,0,0.0
Anthrax,area_name/woreda_snnp_Bench_Maji,117,13,11.1
Anthrax,area_name/woreda_snnp_South_omo,117,7,6.0
Anthrax,area_name/kebele,117,117,100.0
Anthrax,area_name/village,117,116,99.1
Anthrax,area_name/gps,117,117,100.0
Anthrax,area_name/_gps_latitude,117,117,100.0
Anthrax,area_name/_gps_longitude,117,117,100.0
Anthrax,area_name/_gps_altitude,117,117,100.0
Anthrax,area_name/_gps_precision,117,117,100.0
Anthrax,area_name/type_of_suspect_case,117,117,100.0
Anthrax,type_of_suspect_case_human/indicate_the_illness_of_this_surveillance_report,117,0,0.0
Anthrax,type_of_suspect_case_human/indicate_the_illness_of_this_surveillance_report_other,117,0,0.0
Anthrax,type_of_suspect_case_human/name_of_suspect_case,117,0,0.0
Anthrax,type_of_suspect_case_human/sex_of_the_suspect,117,0,0.0
Anthrax,type_of_suspect_case_human/age_of_suspect,117,0,0.0
Anthrax,type_of_suspect_case_human/image,117,0,0.0
Anthrax,type_of_suspect_case_human/afp_case/date_first_appearance_at_health_facility,117,0,0.0
Anthrax,type_of_suspect_case_human/afp_case/date_of_onset_of_illness,117,0,0.0
Anthrax,type_of_suspect_case_human/afp_case/date_notified_to_supervisor_or_woreda_health_office,117,0,0.0
Anthrax,type_of_suspect_case_human/afp_case/date_of_investigation,117,0,0.0
Anthrax,type_of_suspect_case_human/afp_case/dates_of_first_stool_specimen_collection,117,0,0.0
Anthrax,type_of_suspect_case_human/afp_case/dates_of_second_stool_specimen_collection,117,0,0.0
Anthrax,type_of_suspect_case_human/afp_case/date_sample_sent_to_national_laboratory,117,0,0.0
Anthrax,type_of_suspect_case_human/afp_case/polio_immunization_status_of_the_case,117,0,0.0
Anthrax,type_of_suspect_case_human/afp_case/how_many_doses,117,0,0.0
Anthrax,type_of_suspect_case_human/measles_case/date_first_appearance_at_health_facility,117,0,0.0
Anthrax,type_of_suspect_case_human/measles_case/date_of_onset_of_illness,117,0,0.0
Anthrax,type_of_suspect_case_human/measles_case/date_notified_to_supervisor_or_woreda_health_office,117,0,0.0
Anthrax,type_of_suspect_case_human/measles_case/date_of_investigation,117,0,0.0
Anthrax,type_of_suspect_case_human/measles_case/date_sample_taken,117,0,0.0
Anthrax,type_of_suspect_case_human/measles_case/date_sample_sent_to_the_national_laboratory,117,0,0.0
Anthrax,type_of_suspect_case_human/measles_case/measles_immunization_status_of_the_case,117,0,0.0
Anthrax,type_of_suspect_case_human/measles_case/if_it_is_epidemic_of_measeles_total_number_of_cases,117,0,0.0
Anthrax,type_of_suspect_case_human/neo_natal_tetanus/was_the_suspect_case_alive,117,0,0.0
Anthrax,type_of_suspect_case_human/neo_natal_tetanus/date_first_appearance_at_health_facility,117,0,0.0
Anthrax,type_of_suspect_case_human/neo_natal_tetanus/date_of_onset_of_illness,117,0,0.0
Anthrax,type_of_suspect_case_human/neo_natal_tetanus/date_notified_to_supervisor_or_woreda_health_office,117,0,0.0
Anthrax,type_of_suspect_case_human/neo_natal_tetanus/date_of_investigation,117,0,0.0
Anthrax,type_of_suspect_case_human/anthrax/was_the_suspect_case_alive,117,0,0.0
Anthrax,type_of_suspect_case_human/anthrax/date_first_appearance_at_health_facility,117,0,0.0
Anthrax,type_of_suspect_case_human/anthrax/date_of_onset_of_illness,117,0,0.0
Anthrax,type_of_suspect_case_human/anthrax/date_notified_to_supervisor_or_woreda_health_office,117,0,0.0
Anthrax,type_of_suspect_case_human/anthrax/date_of_investigation,117,0,0.0
Anthrax,type_of_suspect_case_human/anthrax/date_sample_taken,117,0,0.0
Anthrax,type_of_suspect_case_human/anthrax/date_sample_sent_to_the_national_laboratory,117,0,0.0
Anthrax,type_of_suspect_case_human/anthrax/anthrax_immunization_status_of_the_case,117,0,0.0
Anthrax,type_of_suspect_case_human/anthrax/how_many_doses,117,0,0.0
Anthrax,type_of_suspect_case_human/anthrax/if_it_is_epidemic_of_anthrax_total_number_of_cases,117,0,0.0
Anthrax,type_of_suspect_case_human/rabies/was_the_suspect_case_alive,117,0,0.0
Anthrax,type_of_suspect_case_human/rabies/date_first_appearance_at_health_facility,117,0,0.0
Anthrax,type_of_suspect_case_human/rabies/date_of_onset_of_illness,117,0,0.0
Anthrax,type_of_suspect_case_human/rabies/date_notified_to_supervisor_or_woreda_health_office,117,0,0.0
Anthrax,type_of_suspect_case_human/rabies/date_of_investigation,117,0,0.0
Anthrax,type_of_suspect_case_human/rabies/date_sample_taken,117,0,0.0
Anthrax,type_of_suspect_case_human/rabies/date_sample_sent_to_the_national_laboratory,117,0,0.0
Anthrax,type_of_suspect_case_human/rabies/rabies_immunization_status_of_the_case,117,0,0.0
Anthrax,type_of_suspect_case_human/rabies/how_many_doses,117,0,0.0
Anthrax,type_of_suspect_case_human/rabies/if_it_is_epidemic_of_rabies_total_number_of_cases,117,0,0.0
Anthrax,type_of_suspect_case_human/brucellosis/was_the_suspect_case_alive,117,0,0.0
Anthrax,type_of_suspect_case_human/brucellosis/date_first_appearance_at_health_facility,117,0,0.0
Anthrax,type_of_suspect_case_human/brucellosis/date_of_onset_of_illness,117,0,0.0
Anthrax,type_of_suspect_case_human/brucellosis/date_notified_to_supervisor_or_woreda_health_office,117,0,0.0
Anthrax,type_of_suspect_case_human/brucellosis/date_of_investigation,117,0,0.0
Anthrax,type_of_suspect_case_human/brucellosis/date_sample_taken,117,0,0.0
Anthrax,type_of_suspect_case_human/brucellosis/date_sample_sent_to_the_national_laboratory,117,0,0.0
Anthrax,type_of_suspect_case_human/brucellosis/brucellosis_immunization_status_of_the_case,117,0,0.0
Anthrax,type_of_suspect_case_human/brucellosis/how_many_doses,117,0,0.0
Anthrax,type_of_suspect_case_animal/indicate_the_illness_of_this_surveillance_report_animal,117,117,100.0
Anthrax,type_of_suspect_case_animal/indicate_the_illness_of_this_surveillance_report_animal_signal,117,0,0.0
Anthrax,type_of_suspect_case_animal/type_of_sick_or_died_animal,117,117,100.0
Anthrax,type_of_suspect_case_animal/type_of_sick_or_died_animal_other,117,2,1.7
Anthrax,type_of_suspect_case_animal/dose_the_animal_has_owner,117,117,100.0
Anthrax,type_of_suspect_case_animal/full_name_of_owner_of_the_animal,117,109,93.2
Anthrax,type_of_suspect_case_animal/treatment_immunization_status_of_the_case,117,117,100.0
Anthrax,type_of_suspect_case_animal/if_it_is_epidemic_total_number_of_deaths,117,70,59.8
Anthrax,type_of_suspect_case_animal/image,117,62,53.0
Anthrax,status_of_the_case/means_of_identification_of_the_case,117,117,100.0
Anthrax,status_of_the_case/means_of_identification_of_the_case_other,117,5,4.3
Anthrax,status_of_the_case/means_of_notification,117,117,100.0
Anthrax,status_of_the_case/means_of_notification_other,117,0,0.0
Anthrax,status_of_the_case/the_case_identified_by_community_volunter_health_development_army,117,117,100.0
Anthrax,status_of_the_case/name_of_the_reported_CV_or_HDA,117,96,82.1
Anthrax,status_of_the_case/sex_of_the_reported_CV_or_HDA,117,96,82.1
Anthrax,status_of_the_case/who_identified_the_case,117,21,17.9
Anthrax,status_of_the_case/who_identified_the_case_other,117,1,0.9
Anthrax,status_of_the_case/date_reported_by_CV_or_HDA,117,96,82.1
Anthrax,status_of_the_case/name_of_health_facility_case_registered_at,117,117,100.0
Anthrax,address_of_contact_person/reported_by,117,117,100.0
Anthrax,address_of_contact_person/position,117,117,100.0
Anthrax,address_of_contact_person/date_of_the_report,117,117,100.0
Anthrax,address_of_contact_person/telephone_number_of_contact,117,117,100.0
Anthrax,address_of_contact_person/email_address_of_contact,117,117,100.0
Anthrax,address_of_contact_person/name_of_implementing_partner,117,117,100.0
Anthrax,meta/instanceID,117,117,100.0
Anthrax,_id,117,117,100.0
Anthrax,_uuid,117,117,100.0
Anthrax,_submission_time,117,117,100.0
Anthrax,_date_modified,117,97,82.9
Anthrax,_tags,117,0,0.0
Anthrax,_notes,117,0,0.0
Anthrax,_version,117,117,100.0
Anthrax,_duration,117,0,0.0
Anthrax,_submitted_by,117,117,100.0
Anthrax,_total_media,117,117,100.0
Anthrax,_media_count,117,117,100.0
Anthrax,_media_all_received,117,117,100.0
Anthrax,_xform_id,117,117,100.0
Anthrax,Disease,117,117,100.0
Brucellosis,area_name/region,164,164,100.0
Brucellosis,area_name/zone_somali,164,29,17.7
Brucellosis,area_name/zone_oromia,164,40,24.4
Brucellosis,area_name/zone_gambella,164,52,31.7
Brucellosis,area_name/zone_benshangul,164,42,25.6
Brucellosis,area_name/zone_snnp,164,1,0.6
Brucellosis,area_name/woreda_somali_Afder,164,1,0.6
Brucellosis,area_name/woreda_somali_Liben,164,3,1.8
Brucellosis,area_name/woreda_somali_Shebele,164,18,11.0
Brucellosis,area_name/woreda_somali_Siti,164,2,1.2
Brucellosis,area_name/woreda_somali_Dollo,164,5,3.0
Brucellosis,area_name/woreda_somali_Dawa,164,0,0.0
Brucellosis,area_name/woreda_oromia_Borena,164,40,24.4
Brucellosis,area_name/woreda_oromia_Kellem,164,0,0.0
Brucellosis,area_name/woreda_gambella_Agnua,164,27,16.5
Brucellosis,area_name/woreda_gambella_Nuer,164,22,13.4
Brucellosis,area_name/woreda_gambella_Majang,164,3,1.8
Brucellosis,area_name/woreda_benshangul_Assosa,164,22,13.4
Brucellosis,area_name/woreda_benshangul_Metekel,164,18,11.0
Brucellosis,area_name/woreda_benshangul_Kamashi,164,2,1.2
Brucellosis,area_name/woreda_snnp_Bench_Maji,164,1,0.6
Brucellosis,area_name/woreda_snnp_South_omo,164,0,0.0
Brucellosis,area_name/kebele,164,164,100.0
Brucellosis,area_name/village,164,164,100.0
Brucellosis,area_name/gps,164,163,99.4
Brucellosis,area_name/_gps_latitude,164,163,99.4
Brucellosis,area_name/_gps_longitude,164,163,99.4
Brucellosis,area_name/_gps_altitude,164,163,99.4
Brucellosis,area_name/_gps_precision,164,163,99.4
Brucellosis,area_name/type_of_suspect_case,164,164,100.0
Brucellosis,type_of_suspect_case_human/indicate_the_illness_of_this_surveillance_report,164,0,0.0
Brucellosis,type_of_suspect_case_human/indicate_the_illness_of_this_surveillance_report_other,164,0,0.0
Brucellosis,type_of_suspect_case_human/name_of_suspect_case,164,0,0.0
Brucellosis,type_of_suspect_case_human/sex_of_the_suspect,164,0,0.0
Brucellosis,type_of_suspect_case_human/age_of_suspect,164,0,0.0
Brucellosis,type_of_suspect_case_human/image,164,0,0.0
Brucellosis,type_of_suspect_case_human/afp_case/date_first_appearance_at_health_facility,164,0,0.0
Brucellosis,type_of_suspect_case_human/afp_case/date_of_onset_of_illness,164,0,0.0
Brucellosis,type_of_suspect_case_human/afp_case/date_notified_to_supervisor_or_woreda_health_office,164,0,0.0
Brucellosis,type_of_suspect_case_human/afp_case/date_of_investigation,164,0,0.0
Brucellosis,type_of_suspect_case_human/afp_case/dates_of_first_stool_specimen_collection,164,0,0.0
Brucellosis,type_of_suspect_case_human/afp_case/dates_of_second_stool_specimen_collection,164,0,0.0
Brucellosis,type_of_suspect_case_human/afp_case/date_sample_sent_to_national_laboratory,164,0,0.0
Brucellosis,type_of_suspect_case_human/afp_case/polio_immunization_status_of_the_case,164,0,0.0
Brucellosis,type_of_suspect_case_human/afp_case/how_many_doses,164,0,0.0
Brucellosis,type_of_suspect_case_human/measles_case/date_first_appearance_at_health_facility,164,0,0.0
Brucellosis,type_of_suspect_case_human/measles_case/date_of_onset_of_illness,164,0,0.0
Brucellosis,type_of_suspect_case_human/measles_case/date_notified_to_supervisor_or_woreda_health_office,164,0,0.0
Brucellosis,type_of_suspect_case_human/measles_case/date_of_investigation,164,0,0.0
Brucellosis,type_of_suspect_case_human/measles_case/date_sample_taken,164,0,0.0
Brucellosis,type_of_suspect_case_human/measles_case/date_sample_sent_to_the_national_laboratory,164,0,0.0
Brucellosis,type_of_suspect_case_human/measles_case/measles_immunization_status_of_the_case,164,0,0.0
Brucellosis,type_of_suspect_case_human/measles_case/if_it_is_epidemic_of_measeles_total_number_of_cases,164,0,0.0
Brucellosis,type_of_suspect_case_human/neo_natal_tetanus/was_the_suspect_case_alive,164,0,0.0
Brucellosis,type_of_suspect_case_human/neo_natal_tetanus/date_first_appearance_at_health_facility,164,0,0.0
Brucellosis,type_of_suspect_case_human/neo_natal_tetanus/date_of_onset_of_illness,164,0,0.0
Brucellosis,type_of_suspect_case_human/neo_natal_tetanus/date_notified_to_supervisor_or_woreda_health_office,164,0,0.0
Brucellosis,type_of_suspect_case_human/neo_natal_tetanus/date_of_investigation,164,0,0.0
Brucellosis,type_of_suspect_case_human/anthrax/was_the_suspect_case_alive,164,0,0.0
Brucellosis,type_of_suspect_case_human/anthrax/date_first_appearance_at_health_facility,164,0,0.0
Brucellosis,type_of_suspect_case_human/anthrax/date_of_onset_of_illness,164,0,0.0
Brucellosis,type_of_suspect_case_human/anthrax/date_notified_to_supervisor_or_woreda_health_office,164,0,0.0
Brucellosis,type_of_suspect_case_human/anthrax/date_of_investigation,164,0,0.0
Brucellosis,type_of_suspect_case_human/anthrax/date_sample_taken,164,0,0.0
Brucellosis,type_of_suspect_case_human/anthrax/date_sample_sent_to_the_national_laboratory,164,0,0.0
Brucellosis,type_of_suspect_case_human/anthrax/anthrax_immunization_status_of_the_case,164,0,0.0
Brucellosis,type_of_suspect_case_human/anthrax/how_many_doses,164,0,0.0
Brucellosis,type_of_suspect_case_human/anthrax/if_it_is_epidemic_of_anthrax_total_number_of_cases,164,0,0.0
Brucellosis,type_of_suspect_case_human/rabies/was_the_suspect_case_alive,164,0,0.0
Brucellosis,type_of_suspect_case_human/rabies/date_first_appearance_at_health_facility,164,0,0.0
Brucellosis,type_of_suspect_case_human/rabies/date_of_onset_of_illness,164,0,0.0
Brucellosis,type_of_suspect_case_human/rabies/date_notified_to_supervisor_or_woreda_health_office,164,0,0.0
Brucellosis,type_of_suspect_case_human/rabies/date_of_investigation,164,0,0.0
Brucellosis,type_of_suspect_case_human/rabies/date_sample_taken,164,0,0.0
Brucellosis,type_of_suspect_case_human/rabies/date_sample_sent_to_the_national_laboratory,164,0,0.0
Brucellosis,type_of_suspect_case_human/rabies/rabies_immunization_status_of_the_case,164,0,0.0
Brucellosis,type_of_suspect_case_human/rabies/how_many_doses,164,0,0.0
Brucellosis,type_of_suspect_case_human/rabies/if_it_is_epidemic_of_rabies_total_number_of_cases,164,0,0.0
Brucellosis,type_of_suspect_case_human/brucellosis/was_the_suspect_case_alive,164,0,0.0
Brucellosis,type_of_suspect_case_human/brucellosis/date_first_appearance_at_health_facility,164,0,0.0
Brucellosis,type_of_suspect_case_human/brucellosis/date_of_onset_of_illness,164,0,0.0
Brucellosis,type_of_suspect_case_human/brucellosis/date_notified_to_supervisor_or_woreda_health_office,164,0,0.0
Brucellosis,type_of_suspect_case_human/brucellosis/date_of_investigation,164,0,0.0
Brucellosis,type_of_suspect_case_human/brucellosis/date_sample_taken,164,0,0.0
Brucellosis,type_of_suspect_case_human/brucellosis/date_sample_sent_to_the_national_laboratory,164,0,0.0
Brucellosis,type_of_suspect_case_human/brucellosis/brucellosis_immunization_status_of_the_case,164,0,0.0
Brucellosis,type_of_suspect_case_human/brucellosis/how_many_doses,164,0,0.0
Brucellosis,type_of_suspect_case_animal/indicate_the_illness_of_this_surveillance_report_animal,164,164,100.0
Brucellosis,type_of_suspect_case_animal/indicate_the_illness_of_this_surveillance_report_animal_signal,164,0,0.0
Brucellosis,type_of_suspect_case_animal/type_of_sick_or_died_animal,164,164,100.0
Brucellosis,type_of_suspect_case_animal/type_of_sick_or_died_animal_other,164,0,0.0
Brucellosis,type_of_suspect_case_animal/dose_the_animal_has_owner,164,164,100.0
Brucellosis,type_of_suspect_case_animal/full_name_of_owner_of_the_animal,164,150,91.5
Brucellosis,type_of_suspect_case_animal/treatment_immunization_status_of_the_case,164,164,100.0
Brucellosis,type_of_suspect_case_animal/if_it_is_epidemic_total_number_of_deaths,164,128,78.0
Brucellosis,type_of_suspect_case_animal/image,164,98,59.8
Brucellosis,status_of_the_case/means_of_identification_of_the_case,164,164,100.0
Brucellosis,status_of_the_case/means_of_identification_of_the_case_other,164,11,6.7
Brucellosis,status_of_the_case/means_of_notification,164,164,100.0
Brucellosis,status_of_the_case/means_of_notification_other,164,0,0.0
Brucellosis,status_of_the_case/the_case_identified_by_community_volunter_health_development_army,164,164,100.0
Brucellosis,status_of_the_case/name_of_the_reported_CV_or_HDA,164,123,75.0
Brucellosis,status_of_the_case/sex_of_the_reported_CV_or_HDA,164,123,75.0
Brucellosis,status_of_the_case/who_identified_the_case,164,41,25.0
Brucellosis,status_of_the_case/who_identified_the_case_other,164,5,3.0
Brucellosis,status_of_the_case/date_reported_by_CV_or_HDA,164,123,75.0
Brucellosis,status_of_the_case/name_of_health_facility_case_registered_at,164,160,97.6
Brucellosis,address_of_contact_person/reported_by,164,164,100.0
Brucellosis,address_of_contact_person/position,164,164,100.0
Brucellosis,address_of_contact_person/date_of_the_report,164,164,100.0
Brucellosis,address_of_contact_person/telephone_number_of_contact,164,164,100.0
Brucellosis,address_of_contact_person/email_address_of_contact,164,164,100.0
Brucellosis,address_of_contact_person/name_of_implementing_partner,164,164,100.0
Brucellosis,meta/instanceID,164,164,100.0
Brucellosis,_id,164,164,100.0
Brucellosis,_uuid,164,164,100.0
Brucellosis,_submission_time,164,164,100.0
Brucellosis,_date_modified,164,150,91.5
Brucellosis,_tags,164,0,0.0
Brucellosis,_notes,164,0,0.0
Brucellosis,_version,164,164,100.0
Brucellosis,_duration,164,0,0.0
Brucellosis,_submitted_by,164,164,100.0
Brucellosis,_total_media,164,164,100.0
Brucellosis,_media_count,164,164,100.0
Brucellosis,_media_all_received,164,164,100.0
Brucellosis,_xform_id,164,164,100.0
Brucellosis,Disease,164,164,100.0
