Variable,Rabies_nonmissing,Rabies_unique,Anthrax_nonmissing,Anthrax_unique,Brucellosis_nonmissing,Brucellosis_unique
area_name/region,159,5,117,5,164,5
area_name/zone_somali,43,5,66,6,29,5
area_name/zone_oromia,29,1,5,1,40,1
area_name/zone_gambella,33,3,18,3,52,3
area_name/zone_benshangul,33,3,8,2,42,3
area_name/zone_snnp,21,2,20,2,1,1
area_name/woreda_somali_Afder,0,0,4,2,1,1
area_name/woreda_somali_Liben,2,1,6,1,3,1
area_name/woreda_somali_Shebele,4,2,7,3,18,5
area_name/woreda_somali_Siti,8,3,30,2,2,1
area_name/woreda_somali_Dollo,2,2,15,3,5,1
area_name/woreda_somali_Dawa,27,3,4,1,0,0
area_name/woreda_oromia_Borena,29,5,5,3,40,5
area_name/woreda_oromia_Kellem,0,0,0,0,0,0
area_name/woreda_gambella_Agnua,6,2,1,1,27,4
area_name/woreda_gambella_Nuer,3,1,9,1,22,1
area_name/woreda_gambella_Majang,24,1,8,2,3,2
area_name/woreda_benshangul_Assosa,23,4,6,2,22,4
area_name/woreda_benshangul_Metekel,9,4,2,2,18,4
area_name/woreda_benshangul_Kamashi,1,1,0,0,2,2
area_name/woreda_snnp_Bench_Maji,15,3,13,3,1,1
area_name/woreda_snnp_South_omo,6,3,7,3,0,0
area_name/kebele,159,114,117,69,164,107
area_name/village,159,124,116,72,164,116
area_name/gps,159,157,117,117,163,162
area_name/_gps_latitude,159,154,117,117,163,162
area_name/_gps_longitude,159,155,117,117,163,162
area_name/_gps_altitude,159,142,117,103,163,145
area_name/_gps_precision,159,105,117,82,163,114
area_name/type_of_suspect_case,159,1,117,1,164,1
type_of_suspect_case_human/indicate_the_illness_of_this_surveillance_report,0,0,0,0,0,0
type_of_suspect_case_human/indicate_the_illness_of_this_surveillance_report_other,0,0,0,0,0,0
type_of_suspect_case_human/name_of_suspect_case,0,0,0,0,0,0
type_of_suspect_case_human/sex_of_the_suspect,0,0,0,0,0,0
type_of_suspect_case_human/age_of_suspect,0,0,0,0,0,0
type_of_suspect_case_human/image,0,0,0,0,0,0
type_of_suspect_case_human/afp_case/date_first_appearance_at_health_facility,0,0,0,0,0,0
type_of_suspect_case_human/afp_case/date_of_onset_of_illness,0,0,0,0,0,0
type_of_suspect_case_human/afp_case/date_notified_to_supervisor_or_woreda_health_office,0,0,0,0,0,0
type_of_suspect_case_human/afp_case/date_of_investigation,0,0,0,0,0,0
type_of_suspect_case_human/afp_case/dates_of_first_stool_specimen_collection,0,0,0,0,0,0
type_of_suspect_case_human/afp_case/dates_of_second_stool_specimen_collection,0,0,0,0,0,0
type_of_suspect_case_human/afp_case/date_sample_sent_to_national_laboratory,0,0,0,0,0,0
type_of_suspect_case_human/afp_case/polio_immunization_status_of_the_case,0,0,0,0,0,0
type_of_suspect_case_human/afp_case/how_many_doses,0,0,0,0,0,0
type_of_suspect_case_human/measles_case/date_first_appearance_at_health_facility,0,0,0,0,0,0
type_of_suspect_case_human/measles_case/date_of_onset_of_illness,0,0,0,0,0,0
type_of_suspect_case_human/measles_case/date_notified_to_supervisor_or_woreda_health_office,0,0,0,0,0,0
type_of_suspect_case_human/measles_case/date_of_investigation,0,0,0,0,0,0
type_of_suspect_case_human/measles_case/date_sample_taken,0,0,0,0,0,0
type_of_suspect_case_human/measles_case/date_sample_sent_to_the_national_laboratory,0,0,0,0,0,0
type_of_suspect_case_human/measles_case/measles_immunization_status_of_the_case,0,0,0,0,0,0
type_of_suspect_case_human/measles_case/if_it_is_epidemic_of_measeles_total_number_of_cases,0,0,0,0,0,0
type_of_suspect_case_human/neo_natal_tetanus/was_the_suspect_case_alive,0,0,0,0,0,0
type_of_suspect_case_human/neo_natal_tetanus/date_first_appearance_at_health_facility,0,0,0,0,0,0
type_of_suspect_case_human/neo_natal_tetanus/date_of_onset_of_illness,0,0,0,0,0,0
type_of_suspect_case_human/neo_natal_tetanus/date_notified_to_supervisor_or_woreda_health_office,0,0,0,0,0,0
type_of_suspect_case_human/neo_natal_tetanus/date_of_investigation,0,0,0,0,0,0
type_of_suspect_case_human/anthrax/was_the_suspect_case_alive,0,0,0,0,0,0
type_of_suspect_case_human/anthrax/date_first_appearance_at_health_facility,0,0,0,0,0,0
type_of_suspect_case_human/anthrax/date_of_onset_of_illness,0,0,0,0,0,0
type_of_suspect_case_human/anthrax/date_notified_to_supervisor_or_woreda_health_office,0,0,0,0,0,0
type_of_suspect_case_human/anthrax/date_of_investigation,0,0,0,0,0,0
type_of_suspect_case_human/anthrax/date_sample_taken,0,0,0,0,0,0
type_of_suspect_case_human/anthrax/date_sample_sent_to_the_national_laboratory,0,0,0,0,0,0
type_of_suspect_case_human/anthrax/anthrax_immunization_status_of_the_case,0,0,0,0,0,0
type_of_suspect_case_human/anthrax/how_many_doses,0,0,0,0,0,0
type_of_suspect_case_human/anthrax/if_it_is_epidemic_of_anthrax_total_number_of_cases,0,0,0,0,0,0
type_of_suspect_case_human/rabies/was_the_suspect_case_alive,0,0,0,0,0,0
type_of_suspect_case_human/rabies/date_first_appearance_at_health_facility,0,0,0,0,0,0
type_of_suspect_case_human/rabies/date_of_onset_of_illness,0,0,0,0,0,0
type_of_suspect_case_human/rabies/date_notified_to_supervisor_or_woreda_health_office,0,0,0,0,0,0
type_of_suspect_case_human/rabies/date_of_investigation,0,0,0,0,0,0
type_of_suspect_case_human/rabies/date_sample_taken,0,0,0,0,0,0
type_of_suspect_case_human/rabies/date_sample_sent_to_the_national_laboratory,0,0,0,0,0,0
type_of_suspect_case_human/rabies/rabies_immunization_status_of_the_case,0,0,0,0,0,0
type_of_suspect_case_human/rabies/how_many_doses,0,0,0,0,0,0
type_of_suspect_case_human/rabies/if_it_is_epidemic_of_rabies_total_number_of_cases,0,0,0,0,0,0
type_of_suspect_case_human/brucellosis/was_the_suspect_case_alive,0,0,0,0,0,0
type_of_suspect_case_human/brucellosis/date_first_appearance_at_health_facility,0,0,0,0,0,0
type_of_suspect_case_human/brucellosis/date_of_onset_of_illness,0,0,0,0,0,0
type_of_suspect_case_human/brucellosis/date_notified_to_supervisor_or_woreda_health_office,0,0,0,0,0,0
type_of_suspect_case_human/brucellosis/date_of_investigation,0,0,0,0,0,0
type_of_suspect_case_human/brucellosis/date_sample_taken,0,0,0,0,0,0
type_of_suspect_case_human/brucellosis/date_sample_sent_to_the_national_laboratory,0,0,0,0,0,0
type_of_suspect_case_human/brucellosis/brucellosis_immunization_status_of_the_case,0,0,0,0,0,0
type_of_suspect_case_human/brucellosis/how_many_doses,0,0,0,0,0,0
type_of_suspect_case_animal/indicate_the_illness_of_this_surveillance_report_animal,159,1,117,1,164,1
type_of_suspect_case_animal/indicate_the_illness_of_this_surveillance_report_animal_signal,0,0,0,0,0,0
type_of_suspect_case_animal/type_of_sick_or_died_animal,159,10,117,7,164,6
type_of_suspect_case_animal/type_of_sick_or_died_animal_other,1,1,2,2,0,0
type_of_suspect_case_animal/dose_the_animal_has_owner,159,2,117,2,164,2
type_of_suspect_case_animal/full_name_of_owner_of_the_animal,112,110,109,105,150,140
type_of_suspect_case_animal/treatment_immunization_status_of_the_case,159,2,117,2,164,2
type_of_suspect_case_animal/if_it_is_epidemic_total_number_of_deaths,83,10,70,16,128,21
type_of_suspect_case_animal/image,80,80,62,62,98,98
status_of_the_case/means_of_identification_of_the_case,159,5,117,5,164,7
status_of_the_case/means_of_identification_of_the_case_other,8,8,5,5,11,8
status_of_the_case/means_of_notification,159,3,117,3,164,3
status_of_the_case/means_of_notification_other,0,0,0,0,0,0
status_of_the_case/the_case_identified_by_community_volunter_health_development_army,159,2,117,2,164,2
status_of_the_case/name_of_the_reported_CV_or_HDA,117,104,96,84,123,104
status_of_the_case/sex_of_the_reported_CV_or_HDA,117,2,96,2,123,2
status_of_the_case/who_identified_the_case,42,4,21,3,41,4
status_of_the_case/who_identified_the_case_other,3,3,1,1,5,5
status_of_the_case/date_reported_by_CV_or_HDA,117,85,96,80,123,97
status_of_the_case/name_of_health_facility_case_registered_at,152,129,117,90,160,123
address_of_contact_person/reported_by,159,65,117,50,164,53
address_of_contact_person/position,159,55,117,41,164,58
address_of_contact_person/date_of_the_report,159,111,117,79,164,119
address_of_contact_person/telephone_number_of_contact,159,47,117,37,164,35
address_of_contact_person/email_address_of_contact,159,72,117,54,164,65
address_of_contact_person/name_of_implementing_partner,159,10,117,10,164,8
meta/instanceID,159,159,117,117,164,164
_id,159,159,117,117,164,164
_uuid,159,159,117,117,164,164
_submission_time,159,154,117,115,164,161
_date_modified,109,107,97,95,150,147
_tags,0,0,0,0,0,0
_notes,0,0,0,0,0,0
_version,159,2,117,3,164,3
_duration,0,0,0,0,0,0
_submitted_by,159,1,117,1,164,1
_total_media,159,2,117,2,164,2
_media_count,159,2,117,2,164,2
_media_all_received,159,1,117,1,164,2
_xform_id,159,1,117,1,164,1
